,IRR Mean,NPV Mean,NPV ES 5%
Base,0.15330587277477548,343.1359092206214,249.14356176812342
Low Rate,0.15087934523161808,401.8531369636766,286.43237576413156
High Rate,0.1530674676896183,295.9556338057733,214.27316686905414
