,NPV Mean,IRR Mean,NPV ES 5%
Low Rate,401.8531369636766,0.15087934523161808,286.43237576413156
Base,343.1359092206214,0.15330587277477548,249.14356176812342
High Rate,295.9556338057733,0.1530674676896183,214.27316686905414
