Driver,NPV_Impact
Macro / Scenario,30.150897155652178
Discount Rate,17.240919531622787
