Driver,NPV_Impact_Range,IRR_Impact_Range,Prob_NPV_Negative_Range,NPV_CVaR_5_Range
Investor Target Return,17.17889283078886,0.0,0.5586,13.068561589165054
exit_multiple,8.674822888120218,0.010070824167062814,0.3156,6.769077133932145
ltv_target,0.8582973462762884,0.001999999999999974,0.0,2.668787484257507
volatility,0.1145975130381709,0.0008730736791015964,0.14220000000000002,11.302948303298741
