Payment_Year,Simple_Scheduled_Payment,Structured_Scheduled_Payment
1,4.0,0.0
2,4.6000000000000005,0.0
3,5.25,4.0
4,5.9,4.0
5,6.6000000000000005,4.2
6,7.4,4.72
7,8.25,6.445
8,8.6,7.105
9,8.0,19.4
10,7.5,12.040000000000001
11,0.0,3.0900000000000016
12,0.0,0.0
