Driver,NPV_Impact
Scenario Layer,37.5173606036107
Discount Rate,24.451062051627027
