Driver,NPV_Impact
Scenario Layer,37.52412778683576
Discount Rate,24.47217794933386
