FY,gt_Equity_CF,py_Equity_CF,delta
2024,-92.278056,-92.278056,0.0
2030,8.56955,8.56955,0.0
2039,100.06759,100.06759,0.0
