Driver,NPV_Impact_Range,IRR_Impact_Range,Prob_NPV_Negative_Range,NPV_CVaR_5_Range
discount_rate,17.240919531622787,0.0,0.5594,12.832696191153584
exit_multiple,8.704584666890124,0.010070824167062828,0.3154,6.649873481924459
ltv_target,0.8743450346776234,0.001999999999999974,0.0,2.6395891774486344
volatility,0.1624347229138703,0.0008730736791015964,0.14220000000000002,11.15193852733447
