Scenario,Description,Discount_Rate,Exit_Multiple,Sigma_CF,Det_IRR,Det_MOIC,IRR_Mean,MOIC_Mean,NPV_Mean,NPV_CVaR_5,Prob_NPV_Negative,Delta_vs_Base_NPV,Delta_vs_Base_IRR,Delta_vs_Base_Prob_Neg
Upside,More supportive funding and valuation environment,0.09000000000000001,12.5,0.13,0.10323959328084861,2.551169081081081,0.1074139068913953,2.9161293169232994,16.274900187716412,-2.754994579997233,0.0434,11.620113672166479,0.002620300331308223,-0.294
Base,Central valuation case,0.1,12.0,0.15,0.10323959328084861,2.551169081081081,0.10479360656008707,2.816686994250494,4.654786515549933,-14.05248914612942,0.3374,0.0,0.0,0.0
Recession,Risk-off environment with weaker exit conditions,0.11,10.5,0.2,0.10323959328084861,2.551169081081081,0.09628415409474908,2.520480407642108,-8.979700349202512,-28.666277222902274,0.8016,-13.634486864752445,-0.008509452465337991,0.4642
High_Rate,"Higher rates, valuation compression, higher uncertainty",0.12000000000000001,11.0,0.18,0.10323959328084861,2.551169081081081,0.09925776581038799,2.6178430986495207,-13.875996967935766,-30.60641126478029,0.9344,-18.5307834834857,-0.005535840749699081,0.597
