,Discount_Rate,IRR_Mean,NPV_Mean,NPV_P10,NPV_CVaR_5,Prob_NPV_Negative
Base,0.1,0.10479360656008707,4.654786515549933,-7.842151695509198,-14.05248914612942,0.3374
High_Rate,0.12,0.10479360656008707,-10.660622328572428,-20.584257177923273,-25.62263932397515,0.9078
Low_Rate,0.08,0.10479360656008707,24.114877855413123,8.0468001032774,0.2069797684400781,0.0182
