Driver,NPV_Impact_Range,IRR_Impact_Range,Prob_NPV_Negative_Range,NPV_CVaR_5_Range
Valuation Discount Rate,17.255978997708695,0.0,0.5666666666666667,12.95655117819191
exit_multiple,8.712984148167777,0.01006705604653789,0.31666666666666665,6.713839323152527
volatility,0.21419063930247173,0.0007997132242264643,0.13966666666666666,10.970816478154738
ltv_target,0.0,0.0,0.0,0.0
