Driver,NPV_Impact_Range,IRR_Impact_Range,Prob_NPV_Negative_Range,NPV_CVaR_5_Range
discount_rate,19.46009133986319,0.0,0.3192,14.259468914569497
exit_multiple,10.07411836771298,0.010070824167062828,0.159,7.623594010989359
ltv_target,2.590366380411611,0.001999999999999974,0.0,1.3716699560041343
volatility,0.1828635147748745,0.0008730736791015964,0.15100000000000002,12.489733772967094
